"Index";"Reading.No";"Time";"Type";"Duration";"Units";"Sigma.Value";"Sequence";"Res";"EScale";"Shape.Time";"SAMPLE";"LOCATION";"INSPECTOR";"MISC";"NOTE";"User.Login";"Flags";"SiO2";"SiO2.Error";"TiO2";"TiO2.Error";"Al2O3";"Al2O3.Error";"MnO";"MnO.Error";"MgO";"MgO.Error";"CaO";"CaO.Error";"K2O";"K2O.Error";"P2O5";"P2O5.Error";"Fe2O3";"Fe2O3.Error";"Ce";"Ce.Error";"La";"La.Error";"Ba";"Ba.Error";"Sb";"Sb.Error";"Sn";"Sn.Error";"Cd";"Cd.Error";"Pd";"Pd.Error";"Ag";"Ag.Error";"Bal";"Bal.Error";"Mo";"Mo.Error";"Nb";"Nb.Error";"Zr";"Zr.Error";"Y";"Y.Error";"Sr";"Sr.Error";"U";"U.Error";"Rb";"Rb.Error";"Th";"Th.Error";"As";"As.Error";"Se";"Se.Error";"Bi";"Bi.Error";"Au";"Au.Error";"Pb";"Pb.Error";"Hg";"Hg.Error";"W";"W.Error";"Zn";"Zn.Error";"Cu";"Cu.Error";"Ni";"Ni.Error";"Co";"Co.Error";"Fe";"Fe.Error";"Mn";"Mn.Error";"Cr";"Cr.Error";"V";"V.Error";"Ti";"Ti.Error";"Ca";"Ca.Error";"K";"K.Error";"Al";"Al.Error";"P";"P.Error";"Si";"Si.Error";"Cl";"Cl.Error";"S";"S.Error";"Mg";"Mg.Error"
1;1;"01.06.07 00:54";"Mining";362,84;"ppm";2;"Final";NA;NA;NA;"Bodmerton_trocken_01";NA;NA;NA;"Bodmerton_trocken";"User";NA;467874,59;0;6251,71;0;121910,27;0;554,57;0;14930,43;0;128031,64;0;22505,62;0;1067,84;0;39558,91;0;"< LOD";70,94;"< LOD";57,16;"3522,06";66,22;"< LOD";11,23;"< LOD";10,02;"< LOD";5,3;"< LOD";2,08;"< LOD";3,14;559992,13;1062,15;"< LOD";1,97;"14,57";1,34;"173,5";2,62;"18,78";1,28;350,02;3,4;"4,14";2,24;"101,9";2,02;"7,64";2,08;"9,07";2,1;"< LOD";1,5;"< LOD";1,74;"< LOD";3,9;"16,15";2,46;"< LOD";6,53;"< LOD";19,11;"60,36";4,92;"15,43";6,73;"31,96";14,55;"< LOD";63,42;"27669,38";150,39;"429,5";43,87;"127,67";22,43;"127,06";38,31;3747,8;236,63;91503,46;340,48;"18683,07";194,84;"64519,86";1097,88;"465,98";64;218714,75;781,99;"< LOD";20,37;"685,78";22,81;"9004";2518,26
2;2;"01.06.07 01:06";"Mining";361,55;"ppm";2;"Final";NA;NA;NA;"Bodmerton_trocken_02";NA;NA;NA;"Bodmerton_trocken";"User";NA;472601,28;0;6288,74;0;124344,8;0;573,87;0;17592,34;0;128526,84;0;22476,7;0;1176,03;0;39749,11;0;"< LOD";71,77;"< LOD";57,82;"3602,14";67,22;"< LOD";11,39;"< LOD";12,53;"< LOD";5,99;"< LOD";2,15;"< LOD";3,28;554286,88;1080,31;"< LOD";1,5;"13,54";1,34;"174,95";2,64;"17,73";1,28;351,39;3,42;"< LOD";3,36;"105,7";2,06;"8,4";2,08;"7,94";2,06;"< LOD";1,5;"< LOD";1,72;"< LOD";3,82;"14,78";2,44;"< LOD";7,26;"< LOD";27,36;"60,02";4,93;"21,7";6,87;"26,96";14,54;"< LOD";63,69;"27802,41";151,44;"444,45";44,43;"125,36";22,65;"121,53";38,68;3770;238,97;91857,38;343,36;"18659,06";196,21;"65808,31";1116,57;"513,19";64,53;220924,31;785,85;"< LOD";20,32;"679,63";22,78;"10609,3";2575,43
3;3;"01.06.07 00:09";"Mining";362,66;"ppm";2;"Final";NA;NA;NA;"Bodmerton_trocken_03";NA;NA;NA;"Bodmerton_trocken";"User";NA;471568,53;0;6391,66;0;124119,57;0;575,74;0;14883,18;0;130731,63;0;22871,26;0;1049,13;0;40836,73;0;"< LOD";69,83;"< LOD";56,74;"3516,33";65,42;"< LOD";13,96;"< LOD";8;"< LOD";5,23;"< LOD";2,08;"< LOD";3,2;553719,38;1070,86;"< LOD";1,5;"14,9";1,35;"175,12";2,63;"19,36";1,29;358,26;3,44;"5,89";2,28;"103,87";2,04;"7,55";2,12;"9,64";2,11;"< LOD";1,5;"< LOD";1,83;"< LOD";3,64;"15,81";2,46;"< LOD";6,64;"23,01";12,49;"64,16";5;"25,77";6,88;"31,99";14,48;"< LOD";63,92;"28563,15";152,94;"445,9";44,45;"134,99";22,94;"93,1";40,3;3831,7;247,76;93433,13;345,77;"18986,6";197,5;"65689,11";1109,79;"457,82";64,05;220441,53;781,25;"< LOD";20,48;"859,29";24,02;"8975,5";2531,27
4;4;"01.06.07 00:59";"Mining";360,02;"ppm";2;"Final";NA;NA;NA;"Bodmerton_trocken_04";NA;NA;NA;"Bodmerton_trocken";"User";NA;464332,75;0;6167,07;0;118184,42;0;556,44;0;14719,13;0;129331,92;0;21921,46;0;1071,72;0;39631,85;0;"< LOD";71,16;"< LOD";57,36;"3473,22";66,18;"< LOD";13,41;"< LOD";8,12;"< LOD";6,06;"< LOD";2,14;"< LOD";3,23;563616,19;1061,92;"< LOD";1,5;"13,92";1,35;"167,82";2,61;"18,1";1,29;352,19;3,44;"5,51";2,29;"103,4";2,06;"7,73";2,11;"5,98";2,04;"< LOD";1,5;"< LOD";1,78;"< LOD";3,76;"15,19";2,46;"< LOD";6,66;"< LOD";30,43;"64,65";5,04;"27,32";6,99;"< LOD";32,33;"< LOD";65,64;"27720,39";151,83;"430,95";42,1;"122,49";21,62;"109,54";34,06;3697,06;213,58;92432,77;343,3;"18198,13";192,14;"62547,99";1081,47;"467,67";63,83;217059,06;781,8;"< LOD";20,41;"459,09";20,96;"8876,57";2520,07
5;5;"01.06.07 01:11";"Mining";361,49;"ppm";2;"Final";NA;NA;NA;"Bodmerton_trocken_05";NA;NA;NA;"Bodmerton_trocken";"User";NA;469585,63;0;6000,07;0;120028,66;0;592,93;0;14895,89;0;129121,49;0;22001,05;0;873,53;0;39822,3;0;"< LOD";70,83;"< LOD";57,25;"3493,24";66,1;"< LOD";11,32;"< LOD";11,36;"< LOD";5,3;"< LOD";2,04;"< LOD";3,19;560151,38;1065,21;"< LOD";2,56;"14,98";1,36;"167,44";2,6;"17,82";1,28;350,79;3,42;"5,06";2,27;"104,21";2,06;"9,63";2,1;"8,1";2,07;"< LOD";1,5;"< LOD";1,7;"< LOD";3,82;"15,28";2,46;"< LOD";6,55;"< LOD";26,54;"62,55";4,98;"27,47";6,98;"27,97";14,6;"< LOD";75,78;"27853,61";151,75;"459,21";41,98;"131,92";21,66;"88,49";33,47;3596,95;210,05;92282,38;341,85;"18264,2";192,37;"63524,04";1081,54;"381,19";63,12;219514,59;779,24;"< LOD";20,36;"474,32";20,89;"8983,17";2500,54
6;6;"2007-06-01 01:12";"Mining";360;"ppm";2;"Final";NA;NA;NA;"Bodenprobe_01";NA;NA;NA;"Bodenprobe";"Admin";NA;452392,56;0;3242,36;0;52298,34;0;1204,19;0;5192,98;0;64117,95;0;14273,76;0;5780,05;0;35054,41;0;"< LOD";68,2;"< LOD";55,16;"< LOD";75,72;"< LOD";16,33;"28,52";5,98;"< LOD";6,77;"< LOD";2,22;"< LOD";5,09;669143,38;867,37;"< LOD";1,5;"7,28";1,32;"146,44";2,4;"14,54";1,32;147,26;2,27;"< LOD";2,15;"81,1";1,88;"4,1";2,42;"15,08";4,31;"< LOD";1,5;"< LOD";2,29;"< LOD";4,12;"170,82";5,11;"< LOD";6,75;"< LOD";18,92;"92,81";5,72;"33,58";7,7;"< LOD";22,02;"< LOD";62,33;"24518,72";145,14;"932,61";44,83;"57,29";14,88;"34,52";15,7;1943,74;104,01;45824,72;208,89;"11849,38";141,27;"27678,4";583,16;"2522,28";63,19;211477,45;750,57;"< LOD";19,9;"80,43";16,29;"3131,7";1707,01
7;7;"2007-06-01 01:21";"Mining";360;"ppm";2;"Final";NA;NA;NA;"Bodenprobe_02";NA;NA;NA;"Bodenprobe";"Admin";NA;421674,06;0;3484,53;0;54683,72;0;1191,08;0;1,66;0;62593,98;0;15588,24;0;2530,23;0;39785,11;0;"< LOD";70,23;"< LOD";56,86;"< LOD";126,69;"< LOD";19,84;"< LOD";8,85;"< LOD";6,85;"< LOD";2,36;"< LOD";5,63;683551,81;874,08;"< LOD";1,56;"7,91";1,4;"161,37";2,61;"17,59";1,39;151,5;2,4;"< LOD";2,64;"95,1";2,12;"6,29";2,31;"10,02";3,15;"< LOD";1,5;"< LOD";2,18;"< LOD";4,22;"64,85";3,71;"< LOD";7,32;"< LOD";20,42;"77,62";5,77;"42,16";8,49;"< LOD";24,41;"< LOD";69,68;"27827,6";162,76;"922,46";46,6;"36,56";15,91;"48,42";16,54;2088,92;109,6;44735,55;213,08;"12940,59";151,16;"28940,84";596,45;"1104,13";56,51;197117,64;746,11;"< LOD";20,99;"32,78";16,7;"< LOD";2492,94
8;8;"2007-06-01 01:32";"Mining";360;"ppm";2;"Final";NA;NA;NA;"Bodenprobe_03";NA;NA;NA;"Bodenprobe";"Admin";NA;326134,03;0;2817,99;0;34556,29;0;1040,67;0;1,66;0;74182,23;0;13527,18;0;1815,1;0;35834,58;0;"< LOD";70,25;"< LOD";56,93;"85,5";51,92;"< LOD";12,18;"< LOD";8,65;"< LOD";6,48;"< LOD";2,28;"< LOD";5,94;735902,88;724,55;"< LOD";1,5;"8,13";1,35;"120,96";2,28;"17,1";1,29;166,51;2,42;"< LOD";2,25;"82,55";1,91;"7,24";2,12;"11,95";2,44;"< LOD";1,5;"< LOD";1,9;"< LOD";3,95;"25,47";2,78;"< LOD";6,88;"< LOD";18,93;"62,14";5,2;"< LOD";11,06;"< LOD";22,11;"< LOD";63,73;"25064,4";148,11;"805,97";43,19;"77,53";14,75;"46";15,52;1689,34;102,27;53017,61;231,7;"11229,61";140,36;"18288,59";492,39;"792,07";50,16;152456,08;653,13;"< LOD";20,47;"< LOD";23,94;"< LOD";2418,25
9;9;"2007-06-01 00:09";"Mining";360;"ppm";2;"Final";NA;NA;NA;"Bodenprobe_04";NA;NA;NA;"Bodenprobe";"Admin";NA;51810,3;0;1135,54;0;1,89;0;223,77;0;1,66;0;76574,6;0;3413,32;0;2,29;0;6046,34;0;"< LOD";215,79;"< LOD";174,82;"< LOD";267,34;"< LOD";39,25;"< LOD";25,14;"< LOD";20;"< LOD";9,89;"< LOD";14,92;912779,25;691,18;"< LOD";5,78;"< LOD";6,47;"99,96";5,18;"7,05";2,67;198,27;6,18;"< LOD";8,38;"32,68";3,29;"< LOD";12,15;"< LOD";7,96;"< LOD";9,64;"< LOD";11,47;"< LOD";17,87;"< LOD";9,09;"< LOD";35,27;"< LOD";126,4;"< LOD";28,51;"< LOD";59,54;"< LOD";102,7;"< LOD";121,54;"4229,1";151,48;"173,3";88,37;"< LOD";84,24;"< LOD";71,57;680,74;183,95;54727,42;530,89;"2833,57";228,35;"< LOD";1585,43;"< LOD";214,08;24219,47;723,32;"< LOD";127,61;"< LOD";131,9;"< LOD";9452,24
10;10;"2007-06-01 00:18";"Mining";360;"ppm";2;"Final";NA;NA;NA;"Bodenprobe_05";NA;NA;NA;"Bodenprobe";"Admin";NA;160406,61;0;822,9;0;3229,07;0;198,67;0;1,66;0;100350,91;0;7723,65;0;2,29;0;7577,94;0;"< LOD";125,74;"< LOD";102,7;"< LOD";136,77;"< LOD";22,67;"< LOD";18,81;"< LOD";10,89;"< LOD";5,06;"< LOD";12,64;838813,81;749,99;"< LOD";2,92;"3,81";2,05;"47,26";2,81;"4,45";1,64;207,35;4,12;"< LOD";6,06;"39,62";2,22;"< LOD";5,39;"< LOD";4,98;"< LOD";3,93;"< LOD";4,92;"< LOD";8,17;"5,61";3,53;"< LOD";15,54;"< LOD";41,85;"16,19";7,88;"< LOD";25,78;"< LOD";46,62;"< LOD";64,63;"5300,37";106,78;"153,87";52;"59,89";17,83;"24,24";15,4;493,31;94,7;71720,2;411,75;"6411,79";142,83;"1708,95";533,99;"< LOD";101,88;74984,39;679,12;"< LOD";51,03;"< LOD";53,28;"< LOD";4907,15
11;11;"2007-06-01 00:40";"Mining";360;"ppm";2;"Final";NA;NA;NA;"Bodenprobe_06";NA;NA;NA;"Bodenprobe";"Admin";NA;153507,36;0;606;0;2158,81;0;219,95;0;1,66;0;116952,82;0;6135,16;0;2,29;0;7715,71;0;"< LOD";122,68;"< LOD";99,93;"< LOD";133,45;"< LOD";22,03;"< LOD";19,39;"< LOD";10,59;"< LOD";4,8;"< LOD";6,93;832099,25;744,14;"< LOD";2,73;"< LOD";2,38;"38,94";2,65;"6,12";1,6;222,58;4,14;"< LOD";4,26;"35,86";2,07;"< LOD";7,12;"< LOD";4,72;"< LOD";3,65;"< LOD";4,58;"< LOD";7,72;"5,64";3,39;"< LOD";14,37;"< LOD";39,52;"11,13";7,35;"< LOD";24,1;"< LOD";43,77;"< LOD";53,71;"5396,73";104,09;"170,35";50,41;"55,82";16,94;"< LOD";20,95;363,29;85,03;83585,49;444,82;"5093,11";125,71;"1142,53";498,17;"< LOD";95,75;71759,23;636,57;"< LOD";46,9;"< LOD";49,06;"< LOD";4453,48
12;12;"2007-06-01 01:01";"Mining";360;"ppm";2;"Final";NA;NA;NA;"Bodenprobe_07";NA;NA;NA;"Bodenprobe";"Admin";NA;311214,16;0;2696,89;0;41052,85;0;485,68;0;5472,76;0;176688,06;0;9768,6;0;446,77;0;19956,44;0;"< LOD";96,15;"< LOD";77,52;"< LOD";103,75;"< LOD";17;"< LOD";15,1;"< LOD";8,14;"< LOD";3,58;"< LOD";5,26;678341,31;1105,75;"< LOD";2,27;"3,44";1,7;"152,88";3,36;"11,96";1,53;302,08;4,26;"< LOD";3,42;"53,23";2,08;"< LOD";4,22;"< LOD";4,74;"< LOD";2,57;"< LOD";3,39;"< LOD";6,09;"8,64";3,05;"< LOD";11,08;"< LOD";30,44;"29,13";6,4;"< LOD";18;"< LOD";34,81;"< LOD";86,15;"13958,48";143,46;"376,15";50,21;"31,32";16,82;"< LOD";24,57;1616,74;107,62;126277,92;525,11;"8109,42";129,16;"21726,83";763,17;"194,96";64,99;145481,56;781,01;"< LOD";34,19;"< LOD";38,1;"< LOD";4654,88
13;13;"25.02.2017 12:32";"Mining";121,63;"ppm";2;"Final";NA;NA;NA;"Keramik_01";NA;NA;NA;"Keramik";"Admin";NA;576378,94;0;6597,34;0;133862,42;0;1,29;0;13516,09;0;9861,07;0;18635,73;0;772,58;0;31781,97;0;"< LOD";99,04;"< LOD";80,16;"373,74";74,6;"< LOD";22,99;"< LOD";12,12;"< LOD";9,9;"< LOD";3,55;"< LOD";7,6;599423,88;1711,69;"< LOD";2,86;"14,94";2,18;"151,06";3,72;"10,75";1,96;71,33;2,57;"< LOD";5,01;"99,33";3,25;"< LOD";4,96;"7,19";3,48;"< LOD";1,84;"< LOD";3,36;"< LOD";6,71;"19,09";4,09;"< LOD";10,31;"< LOD";28,21;"83,56";8,64;"21,89";10,96;"< LOD";35,15;"< LOD";95,05;"22229,81";216,25;"< LOD";139,17;"133,07";26,67;"109,94";33,31;3955;227,53;7047,65;139,75;"15470,47";277,07;"70845,42";1457,08;"337,14";95,29;269436,69;1398,64;"< LOD";28,4;"1992,47";43,57;"8151,06";2555,81
14;14;"25.02.2017 12:35";"Mining";121,03;"ppm";2;"Final";NA;NA;NA;"Keramik_02";NA;NA;NA;"Keramik";"Admin";NA;580778,31;0;5989,87;0;124933,2;0;97,78;0;10491,18;0;11254,8;0;17723,13;0;630,99;0;32587,67;0;"< LOD";103,11;"< LOD";83,78;"387,78";77,78;"< LOD";18;"< LOD";11,29;"< LOD";10;"< LOD";3,53;"< LOD";5,26;602970,19;1702,47;"< LOD";3,77;"12,46";2,17;"143,3";3,7;"11,38";2;69,06;2,57;"< LOD";3,95;"99,06";3,28;"10,81";3,42;"9,01";3,47;"< LOD";1,96;"< LOD";3,25;"< LOD";6,9;"15,12";4,02;"< LOD";10,86;"< LOD";29,5;"88,15";8,97;"21,12";11,21;"< LOD";41,77;"< LOD";97,57;"22793,37";221,99;"< LOD";86,23;"142,14";26,24;"86,98";32,21;3590,84;219,04;8043,74;145,08;"14712,88";267,64;"66119,71";1432,02;"275,35";98,31;271493,22;1425,01;"< LOD";29,93;"2493,97";49,42;"6326,85";2572,99
15;15;"25.02.2017 12:38";"Mining";120,14;"ppm";2;"Final";NA;NA;NA;"Keramik_03";NA;NA;NA;"Keramik";"Admin";NA;555452,5;0;4417,59;0;106099,73;0;102,61;0;22256,37;0;7842,9;0;16335,92;0;578,36;0;27773,92;0;"< LOD";104,86;"< LOD";84,97;"376,98";79,09;"< LOD";18,36;"< LOD";13,92;"< LOD";13,3;"< LOD";3,7;"< LOD";5,3;626523,5;1652,44;"< LOD";2,62;"8,4";2,11;"132,76";3,56;"8,45";1,91;57,95;2,39;"< LOD";4,55;"88,2";3,12;"9,87";3,39;"9,7";3,59;"< LOD";2,01;"< LOD";3,29;"< LOD";6,35;"18,14";4,13;"< LOD";11,38;"< LOD";28,76;"68,98";8,43;"< LOD";16,46;"< LOD";35,03;"< LOD";113,96;"19426,39";204,61;"< LOD";87,36;"81,95";21,78;"70,67";25,56;2648,28;173,61;5605,28;114,51;"13561,28";237;"56152,28";1251,61;"252,38";89,71;259654,31;1379,94;"< LOD";26,76;"1728,94";40,08;"13422,01";2628,34
16;16;"25.02.2017 12:41";"Mining";123,27;"ppm";2;"Final";NA;NA;NA;"Keramik_04";NA;NA;NA;"Keramik";"Admin";NA;523155,59;0;6779,13;0;100747,43;0;152,46;0;12844,28;0;49423,11;0;24942,39;0;25423,52;0;28668,72;0;"< LOD";102,19;"< LOD";82,71;"467,07";77,69;"< LOD";22,49;"< LOD";18,58;"< LOD";8,9;"< LOD";5,69;"< LOD";5,26;592913,5;1680,29;"< LOD";2,62;"11,91";2,15;"157,64";3,84;"16,51";2,07;94,57;2,93;"< LOD";3,89;"102,48";3,31;"9,33";3,37;"19,71";3,83;"< LOD";2;"< LOD";3,25;"< LOD";6,71;"17,56";4,08;"< LOD";10,74;"< LOD";30,17;"178,19";11,26;"41,31";11,65;"120,85";25,49;"< LOD";118,32;"20052,27";207,81;"118,08";59,4;"116,69";30,12;"122,92";37,95;4063,98;255,2;35322,41;312,68;"20705,96";324,94;"53319,63";1473,75;"11094,22";176,47;244556,66;1351,19;"58,8";23,9;"8581,71";99,22;"7745,91";3476,65
17;17;"25.02.2017 12:43";"Mining";122,65;"ppm";2;"Final";NA;NA;NA;"Keramik_05";NA;NA;NA;"Keramik";"Admin";NA;578727,19;0;6451,93;0;145350,11;0;93,87;0;31780,46;0;26629,68;0;18636,46;0;8456,84;0;39744,53;0;"< LOD";97,24;"< LOD";78,85;"247,63";73,26;"< LOD";17,18;"< LOD";16,96;"< LOD";11,36;"< LOD";3,5;"< LOD";5,09;543056,44;1946,57;"< LOD";2,86;"13,41";2,19;"159,81";3,89;"11,46";2;72,76;2,65;"< LOD";3,86;"96,3";3,26;"6,69";3,33;"20,63";4,01;"< LOD";2,13;"< LOD";3,26;"< LOD";6,05;"21,02";4,29;"< LOD";10,96;"< LOD";30,09;"87,79";9,11;"< LOD";24,55;"55,5";24,3;"< LOD";104,94;"27799,21";248,8;"< LOD";85,86;"130,7";30,23;"137,62";38,63;3867,83;259,82;19032,08;231,62;"15471,07";297,81;"76925,17";1811,07;"3690,37";135,34;270534,41;1399,13;"< LOD";32,46;"19306,41";158,21;"19165,63";3851,71
18;18;"25.02.2017 12:46";"Mining";122,76;"ppm";2;"Final";NA;NA;NA;"Keramik_06";NA;NA;NA;"Keramik";"Admin";NA;411301,28;0;4765,86;0;97972,38;0;127,5;0;20674,68;0;29625,08;0;14090,55;0;9671,68;0;55739,64;0;"< LOD";99,04;"< LOD";80,42;"312,64";74,52;"< LOD";18,6;"< LOD";12,28;"< LOD";9,59;"< LOD";5,12;"< LOD";6,41;602492,63;1759,97;"< LOD";2,81;"10,74";2,24;"138,92";3,82;"12,24";2,05;66,41;2,65;"< LOD";6,5;"87,05";3,26;"6,19";3,4;"33,36";4,24;"< LOD";2,29;"< LOD";3,36;"< LOD";6,88;"10,77";4,04;"< LOD";10,94;"< LOD";29,88;"87,02";9,25;"< LOD";15,69;"99,57";25,85;"< LOD";123,65;"38986,95";311,51;"98,74";56,41;"146,91";31,72;"104,82";39,04;2857,06;258,92;21172,87;260,48;"11697,28";285,34;"51850,96";1676,66;"4220,49";161,43;192268,73;1269,01;"140,01";28,69;"60604,03";374,09;"12468,15";4950,5
19;19;"25.02.2017 12:50";"Mining";120,22;"ppm";2;"Final";NA;NA;NA;"Keramik_07";NA;NA;NA;"Keramik";"Admin";NA;449253,31;0;4724,5;0;88944,32;0;1,29;0;7085,09;0;6113,12;0;15175,98;0;321,44;0;38757,04;0;"< LOD";126,28;"< LOD";102,74;"217,93";93,93;"< LOD";25,37;"< LOD";19,69;"< LOD";10,88;"< LOD";4,55;"< LOD";10,94;685054,88;1491,67;"< LOD";2,88;"11,03";2,28;"97,75";3,37;"5,1";1,94;46,76;2,34;"< LOD";4,12;"82,59";3,2;"9,27";3,53;"7,7";3,65;"< LOD";2,2;"< LOD";3,55;"< LOD";7,28;"15,77";4,25;"< LOD";11,6;"< LOD";31,72;"63,28";8,74;"< LOD";18,73;"< LOD";38,13;"< LOD";111,08;"27108,51";257;"< LOD";133,84;"143,58";26,37;"103,52";31,17;2832,26;210,54;4369,01;118,71;"12598,36";262,67;"47072,94";1230,79;"140,27";92,35;210009,97;1331,19;"< LOD";35,36;"5718,49";77,66;"4272,76";2724,76
20;20;"25.02.2017 12:53";"Mining";121,99;"ppm";2;"Final";NA;NA;NA;"Keramik_08";NA;NA;NA;"Keramik";"Admin";NA;515556,38;0;5584,43;0;114621,77;0;117;0;9626,24;0;8113,42;0;15666,69;0;514,7;0;44634,55;0;"< LOD";107,23;"< LOD";86,83;"253,07";79,85;"< LOD";21,58;"< LOD";20,54;"< LOD";12,22;"< LOD";3,86;"< LOD";8,77;628880,56;1617,63;"< LOD";2,79;"12,17";2,18;"113,79";3,4;"9,09";1,93;56,71;2,39;"< LOD";3,85;"88,22";3,13;"11,9";3,58;"15,51";3,68;"< LOD";2,2;"< LOD";3,47;"< LOD";6,42;"13,89";4,05;"< LOD";10,67;"< LOD";28,6;"81,96";8,8;"< LOD";16,82;"< LOD";45,07;"< LOD";111,63;"31219,53";262,97;"90,61";56,66;"145,24";28,22;"108,25";32,64;3347,78;222,86;5798,61;133,24;"13005,72";269,02;"60662,48";1370,86;"224,6";95,47;241004,3;1339,73;"< LOD";30,65;"9036,73";94,84;"5805,24";2699,97
21;21;"25.02.2017 12:57";"Mining";120,4;"ppm";2;"Final";NA;NA;NA;"Keramik_09";NA;NA;NA;"Keramik";"Admin";NA;469820,84;0;3974,94;0;95534,37;0;123,28;0;17186,93;0;13328,46;0;12341,32;0;1176,74;0;49085,37;0;"< LOD";123,69;"< LOD";100,6;"292,98";91,61;"< LOD";21,57;"< LOD";19,32;"< LOD";10,97;"< LOD";4,57;"< LOD";6,6;638954,63;1654,27;"< LOD";4,48;"11,22";2,24;"111,28";3,51;"6,29";1,93;48,11;2,35;"< LOD";3,88;"78,16";3,1;"6,89";3,67;"17,99";3,99;"< LOD";2,32;"< LOD";3,9;"< LOD";7,46;"16,39";4,28;"< LOD";12,11;"< LOD";33,33;"90,03";9,68;"33,16";12,87;"46,89";26,77;"< LOD";122,12;"34332,63";290,39;"95,48";58,48;"118,57";26,68;"86,85";29,57;2382,92;200,23;9525,77;162,44;"10245,16";245,73;"50560,66";1417,08;"513,5";111,93;219624,56;1346,38;"< LOD";36,6;"22445,04";181,5;"10364,81";3582,19
22;22;"2017-09-27 12:00";"Mining";360,95;"ppm";2;"Final";NA;NA;NA;"Silex_01";NA;NA;NA;"Silex";"User";NA;1135548,75;0;98,17;0;6209,06;0;1,29;0;4019,56;0;762,25;0;1,2;0;2,29;0;1,43;0;"< LOD";49,82;"< LOD";40,33;"< LOD";53,86;"< LOD";8,54;"< LOD";6,22;"< LOD";5,38;"< LOD";1,5;"< LOD";2,24;462827,06;942,01;"< LOD";1,5;"< LOD";1,5;"< LOD";1,5;"< LOD";1,5;7,69;1;"< LOD";1,5;"< LOD";1,5;"< LOD";2,24;"6,36";1,44;"< LOD";1,5;"< LOD";1,5;"< LOD";2,99;"< LOD";1,5;"< LOD";5,29;"< LOD";14,83;"< LOD";3,95;"< LOD";7,62;"< LOD";18,37;"< LOD";12,74;"< LOD";36,79;"< LOD";37,77;"< LOD";12,14;"11,39";6,31;58,85;37,01;544,78;14,09;"< LOD";39,19;"3286,09";346,47;"< LOD";120,07;530828,69;1050,69;"< LOD";13,69;"< LOD";15,04;"2424,05";1133,93
23;23;"2017-09-27 13:16";"Mining";361,41;"ppm";2;"Final";NA;NA;NA;"Silex_02";NA;NA;NA;"Silex";"User";NA;1136250,5;0;105,47;0;6476,67;0;1,29;0;1,66;0;682,75;0;1,2;0;2,29;0;37,77;0;"< LOD";48,67;"< LOD";39,48;"< LOD";52,63;"< LOD";8,31;"< LOD";6,11;"< LOD";5,21;"< LOD";1,5;"< LOD";2,18;464804,75;912,25;"< LOD";1,5;"< LOD";1,5;"< LOD";1,5;"< LOD";1,5;9,32;1;"< LOD";1,5;"< LOD";1,5;"< LOD";1,5;"10,09";1,53;"< LOD";1,5;"< LOD";1,5;"< LOD";2,97;"< LOD";1,5;"< LOD";5,16;"< LOD";14,17;"< LOD";3,85;"< LOD";7,32;"< LOD";17,73;"< LOD";12,32;"< LOD";27,45;"< LOD";37,12;"< LOD";11,97;"< LOD";9,46;63,23;36,96;487,96;13,36;"< LOD";38,67;"3427,72";342,44;"< LOD";140,99;531156,75;1023,64;"< LOD";13,87;"< LOD";15,04;"< LOD";1532,3
24;24;"2017-09-27 13:25";"Mining";362,59;"ppm";2;"Final";NA;NA;NA;"Silex_03";NA;NA;NA;"Silex";"User";NA;1138887,25;0;111,66;0;6253,83;0;1,29;0;3282,25;0;613,77;0;1,2;0;2,29;0;88,85;0;"< LOD";47,93;"< LOD";38,91;"< LOD";51,85;"< LOD";9,73;"< LOD";6,04;"< LOD";4,78;"< LOD";1,94;"< LOD";2,34;461717,94;918,37;"< LOD";1,5;"< LOD";1,5;"< LOD";1,5;"< LOD";1,5;10,17;1;"< LOD";1,5;"< LOD";1,5;"< LOD";2,15;"4,41";1,43;"< LOD";1,5;"< LOD";1,5;"< LOD";2,86;"< LOD";1,57;"< LOD";4,98;"< LOD";13,84;"< LOD";3,91;"< LOD";7,25;"< LOD";17,38;"< LOD";12,48;"62,14";18,68;"< LOD";36,94;"< LOD";11,94;"< LOD";9,36;66,94;36,52;438,66;12,65;"< LOD";38,1;"3309,78";344,64;"< LOD";180,83;532389,31;1030,44;"< LOD";13,82;"< LOD";14,87;"1979,4";1113,18
25;25;"2017-09-27 13:34";"Mining";360,57;"ppm";2;"Final";NA;NA;NA;"Silex_04";NA;NA;NA;"Silex";"User";NA;1083479,5;0;395,67;0;13980,96;0;1,29;0;6445,07;0;1529,77;0;1,2;0;572,94;0;535,31;0;"< LOD";48,52;"< LOD";39,36;"< LOD";52,51;"< LOD";11,75;"< LOD";6,01;"< LOD";5,47;"< LOD";2,28;"< LOD";2,15;480194,16;917,91;"< LOD";1,5;"< LOD";1,5;"< LOD";1,5;"32,67";1,07;8,03;1;"< LOD";1,5;"< LOD";1,5;"< LOD";2,17;"< LOD";1,5;"< LOD";1,5;"< LOD";1,5;"< LOD";2,88;"< LOD";1,5;"< LOD";5,21;"< LOD";14,27;"35,96";3,9;"< LOD";7,34;"< LOD";17,46;"< LOD";14,05;"374,42";23,18;"< LOD";37,25;"< LOD";12,45;"< LOD";10,62;237,2;40,53;1093,32;18,91;"< LOD";39,78;"7399,29";373,62;"250,02";78,43;506488,16;1005,25;"< LOD";14,18;"< LOD";15,15;"3886,79";1176,51
26;26;"2017-09-27 13:42";"Mining";362,13;"ppm";2;"Final";NA;NA;NA;"Silex_05";NA;NA;NA;"Silex";"User";NA;1035156,94;0;301,07;0;11177,37;0;1,29;0;3983,44;0;1216,99;0;1,2;0;421,23;0;701,64;0;"< LOD";49,92;"< LOD";40,59;"< LOD";54,1;"< LOD";9,05;"< LOD";6,33;"< LOD";5,02;"< LOD";1,5;"< LOD";3,36;505991,09;907,7;"< LOD";1,5;"< LOD";1,5;"< LOD";1,5;"47,91";1,2;7,77;1;"< LOD";1,5;"< LOD";1,5;"< LOD";1,54;"< LOD";1,51;"< LOD";1,5;"< LOD";1,5;"< LOD";2,89;"< LOD";1,5;"< LOD";5,15;"< LOD";14,3;"< LOD";3,96;"< LOD";7,54;"< LOD";17,08;"< LOD";14,58;"490,76";24,6;"< LOD";35,77;"< LOD";12,91;"< LOD";10,09;180,49;41,33;869,78;17,36;"< LOD";42,36;"5915,52";350,35;"183,81";74,98;483899,09;1007,34;"< LOD";15,1;"< LOD";15,61;"2402,27";1131,36
27;27;"2017-09-27 13:50";"Mining";361,66;"ppm";2;"Final";NA;NA;NA;"Silex_06";NA;NA;NA;"Silex";"User";NA;1061920;0;424,11;0;10636,35;0;58,72;0;1,66;0;1093,53;0;1,2;0;525,17;0;23300,7;0;"< LOD";57,49;"< LOD";46,58;"< LOD";61,73;"< LOD";9,73;"< LOD";6,35;"< LOD";6,35;"< LOD";1,63;"< LOD";2,62;480111,69;922,26;"< LOD";1,5;"< LOD";1,5;"< LOD";1,5;"7,61";1;11,27;1;"< LOD";1,5;"< LOD";1,5;"< LOD";1,5;"8,33";1,68;"< LOD";1,5;"< LOD";1,5;"< LOD";3,19;"< LOD";2,79;"< LOD";5,72;"< LOD";16,35;"128,68";5,77;"19,86";6,28;"< LOD";19,43;"< LOD";59,38;"16297,61";105,09;"45,48";27,12;"< LOD";19,48;"61,06";10,57;254,24;63,84;781,54;22,17;"< LOD";59,14;"5629,19";378,25;"229,17";79,56;496409,91;1007,7;"< LOD";15,77;"< LOD";16,16;"< LOD";1727,72
28;28;"2017-09-27 14:00";"Mining";360,78;"ppm";2;"Final";NA;NA;NA;"Silex_07";NA;NA;NA;"Silex";"User";NA;968303;0;2447,26;0;31004,36;0;820,35;0;16036,76;0;37344,77;0;317,05;0;1360,36;0;35773,23;0;"< LOD";53,99;"< LOD";43,7;"< LOD";90,43;"< LOD";14,83;"< LOD";6,83;"5,84";3,6;"2,73";1,76;"< LOD";3,39;465706,91;961,9;"< LOD";1,86;"4,45";1,12;"316,97";2,89;"12,48";1;63,07;1,36;"< LOD";1,5;"< LOD";1,5;"< LOD";1,82;"< LOD";2,1;"< LOD";1,5;"< LOD";1,5;"< LOD";2,99;"< LOD";1,65;"< LOD";5,53;"< LOD";19,18;"29,25";3,88;"< LOD";8,16;"< LOD";18,74;"< LOD";55,61;"25021,49";127,67;"635,34";35,47;"< LOD";24,43;"40,56";16,04;1467,09;103,26;26690,09;145,85;"263,2";56,5;"16408,76";541,51;"593,63";83,71;452647,25;947,85;"< LOD";18,73;"381,35";17,15;"9671,19";1803,83
29;29;"2017-09-27 14:07";"Mining";361,41;"ppm";2;"Final";NA;NA;NA;"Silex_08";NA;NA;NA;"Silex";"User";NA;906531,13;0;2080,43;0;26949,43;0;985,52;0;16557,87;0;43540,58;0;355,95;0;1053,34;0;40195,98;0;"< LOD";62,35;"< LOD";50,46;"< LOD";67,03;"< LOD";10,55;"< LOD";6,5;"< LOD";8,84;"< LOD";1,94;"< LOD";2,96;488996,28;982,34;"< LOD";1,58;"4,39";1,17;"246,14";2,66;"11,8";1;45,57;1,26;"< LOD";1,68;"2,85";1;"< LOD";3,11;"< LOD";2,24;"< LOD";1,5;"< LOD";1,53;"< LOD";3,37;"< LOD";1,9;"< LOD";7,59;"< LOD";16,22;"34,97";4,18;"< LOD";9,47;"< LOD";19,86;"< LOD";61,09;"28114,97";142,09;"763,26";38,07;"71,52";16,39;"37,34";15,11;1247,19;97,39;31118,2;163,92;"295,49";58,05;"14262,73";518,87;"459,65";79,61;423771,09;943,35;"< LOD";19,17;"529,28";18,56;"9985,45";1842,58
30;30;"2017-09-27 14:14";"Mining";362;"ppm";2;"Final";NA;NA;NA;"Silex_09";NA;NA;NA;"Silex";"User";NA;981454,44;0;1950,9;0;39844,64;0;690,53;0;23552,98;0;28651,21;0;1167,38;0;1195,4;0;44608,38;0;"< LOD";62,29;"< LOD";50,22;"131,28";45,48;"< LOD";10,43;"< LOD";9,46;"< LOD";8,1;"< LOD";2,33;"< LOD";2,82;448937,22;1024,74;"< LOD";1,5;"4,95";1,18;"272,68";2,8;"12,64";1;45,34;1,26;"< LOD";2,46;"3,13";1;"< LOD";2,8;"2,99";1,51;"< LOD";1,5;"< LOD";1,52;"< LOD";3,44;"< LOD";1,89;"< LOD";6,09;"< LOD";25,58;"44,53";4,43;"< LOD";10,67;"< LOD";20,34;"< LOD";64,42;"31201,21";149,84;"534,8";35,47;"38,73";16,97;"54,82";15,09;1169,53;97,29;20476,86;131,99;"969,1";68,36;"21087,4";591,17;"521,65";83,84;458795,09;952,81;"797,97";17,63;"694,12";19,61;"14203,95";1947,69
